EMPLOYER_NAME,Total_Medical_Allowed_Amount,Average_Medical_Allowed_Amount,Median_Medical_Allowed_Amount,Total_Medical_Paid_Amount,Average_Medical_Paid_Amount,Median_Medical_Paid_Amount,Total_RX_Allowed_Amount,Average_RX_Allowed_Amount,Median_RX_Allowed_Amount,Total_RX_Paid_Amount,Average_RX_Paid_Amount,Median_RX_Paid_Amount,Distinct_Member_Count,TOTAL_MEMBERS,PER_1K
ABC Company,2014786.9,3663.248909090909,3447.0,1729050.4,3143.7279999999996,2927.125,985542.51,1791.8954727272728,1690.0749999999998,910773.42,1655.9516727272728,1533.21,550,285,1929.8245614035088
Acme Corp,2082974.43,3591.3352241379307,3462.855,1791480.21,3088.7589827586207,2950.6549999999997,1043230.99,1798.6741206896552,1698.795,965672.91,1664.9532931034482,1576.3000000000002,580,280,2071.4285714285716
Globex Inc,1886771.19,3436.741693989071,3317.1000000000004,1616534.78,2944.507795992714,2863.5299999999997,1020802.23,1859.3847540983606,1745.33,946716.54,1724.4381420765028,1620.1100000000001,549,272,2018.3823529411766
Initech,2120935.43,3594.8058135593224,3456.41,1821844.55,3087.872118644068,2958.35,1071193.24,1815.5817627118645,1674.39,991981.15,1681.3239830508476,1554.77,590,297,1986.5319865319866
Umbrella Health,2204465.98,3567.097055016181,3453.445,1891974.62,3061.447605177994,2938.8450000000003,1127429.96,1824.3203236245954,1654.755,1042217.57,1686.4361974110031,1530.78,618,287,2153.3101045296166
